[{"model": "admin.logentry", "pk": 1, "fields": {"action_time": "2023-07-16T12:48:58.514Z", "user": 1, "content_type": 7, "object_id": "1", "object_repr": "wherearewegoing.example.com", "action_flag": 2, "change_message": "[{\"changed\": {\"fields\": [\"Domain name\", \"Display name\"]}}]"}}, {"model": "admin.logentry", "pk": 2, "fields": {"action_time": "2023-07-16T15:27:40.645Z", "user": 1, "content_type": 8, "object_id": "1", "object_repr": "bbezushka@gmail.com", "action_flag": 2, "change_message": "[{\"changed\": {\"fields\": [\"Verified\", \"Primary\"]}}]"}}, {"model": "admin.logentry", "pk": 3, "fields": {"action_time": "2023-07-25T17:51:46.086Z", "user": 1, "content_type": 13, "object_id": "1", "object_repr": "Tomorrowland", "action_flag": 1, "change_message": "[{\"added\": {}}]"}}, {"model": "admin.logentry", "pk": 4, "fields": {"action_time": "2023-07-25T17:59:22.148Z", "user": 1, "content_type": 13, "object_id": "2", "object_repr": "Sziget", "action_flag": 1, "change_message": "[{\"added\": {}}]"}}, {"model": "admin.logentry", "pk": 5, "fields": {"action_time": "2023-07-25T18:04:24.699Z", "user": 1, "content_type": 13, "object_id": "3", "object_repr": "Rock en Seine", "action_flag": 1, "change_message": "[{\"added\": {}}]"}}, {"model": "admin.logentry", "pk": 6, "fields": {"action_time": "2023-07-25T18:12:13.729Z", "user": 1, "content_type": 13, "object_id": "4", "object_repr": "Awakenings", "action_flag": 1, "change_message": "[{\"added\": {}}]"}}, {"model": "admin.logentry", "pk": 7, "fields": {"action_time": "2023-07-25T18:15:52.076Z", "user": 1, "content_type": 13, "object_id": "5", "object_repr": "Bilbao BBK Live", "action_flag": 1, "change_message": "[{\"added\": {}}]"}}, {"model": "admin.logentry", "pk": 8, "fields": {"action_time": "2023-07-25T18:21:37.039Z", "user": 1, "content_type": 13, "object_id": "6", "object_repr": "Øya", "action_flag": 1, "change_message": "[{\"added\": {}}]"}}, {"model": "admin.logentry", "pk": 9, "fields": {"action_time": "2023-07-25T18:25:07.234Z", "user": 1, "content_type": 13, "object_id": "7", "object_repr": "FIB", "action_flag": 1, "change_message": "[{\"added\": {}}]"}}, {"model": "admin.logentry", "pk": 10, "fields": {"action_time": "2023-07-25T18:29:33.641Z", "user": 1, "content_type": 13, "object_id": "8", "object_repr": "BST Hyde Park", "action_flag": 1, "change_message": "[{\"added\": {}}]"}}, {"model": "admin.logentry", "pk": 11, "fields": {"action_time": "2023-07-25T18:32:56.497Z", "user": 1, "content_type": 13, "object_id": "9", "object_repr": "Super Bock Super Rock", "action_flag": 1, "change_message": "[{\"added\": {}}]"}}, {"model": "admin.logentry", "pk": 12, "fields": {"action_time": "2023-07-25T18:36:55.941Z", "user": 1, "content_type": 13, "object_id": "10", "object_repr": "Flow", "action_flag": 1, "change_message": "[{\"added\": {}}]"}}, {"model": "admin.logentry", "pk": 13, "fields": {"action_time": "2023-07-25T18:40:00.451Z", "user": 1, "content_type": 13, "object_id": "11", "object_repr": "Rock am Ring/Rock im Park", "action_flag": 1, "change_message": "[{\"added\": {}}]"}}, {"model": "admin.logentry", "pk": 14, "fields": {"action_time": "2023-07-25T18:43:48.869Z", "user": 1, "content_type": 13, "object_id": "12", "object_repr": "Roskilde", "action_flag": 1, "change_message": "[{\"added\": {}}]"}}, {"model": "admin.logentry", "pk": 15, "fields": {"action_time": "2023-07-25T18:46:35.415Z", "user": 1, "content_type": 13, "object_id": "13", "object_repr": "Dimensions", "action_flag": 1, "change_message": "[{\"added\": {}}]"}}, {"model": "admin.logentry", "pk": 16, "fields": {"action_time": "2023-07-25T18:48:53.876Z", "user": 1, "content_type": 13, "object_id": "14", "object_repr": "Primavera Sound", "action_flag": 1, "change_message": "[{\"added\": {}}]"}}, {"model": "admin.logentry", "pk": 17, "fields": {"action_time": "2023-07-25T18:51:23.523Z", "user": 1, "content_type": 13, "object_id": "15", "object_repr": "NOS Primavera", "action_flag": 1, "change_message": "[{\"added\": {}}]"}}, {"model": "admin.logentry", "pk": 18, "fields": {"action_time": "2023-07-28T15:26:58.229Z", "user": 1, "content_type": 13, "object_id": "1", "object_repr": "Tomorrowland", "action_flag": 2, "change_message": "[{\"changed\": {\"fields\": [\"Image\"]}}]"}}, {"model": "admin.logentry", "pk": 19, "fields": {"action_time": "2023-07-28T15:28:05.239Z", "user": 1, "content_type": 13, "object_id": "1", "object_repr": "Tomorrowland", "action_flag": 2, "change_message": "[{\"changed\": {\"fields\": [\"Image\"]}}]"}}, {"model": "admin.logentry", "pk": 20, "fields": {"action_time": "2023-07-28T15:28:15.269Z", "user": 1, "content_type": 13, "object_id": "1", "object_repr": "Tomorrowland", "action_flag": 2, "change_message": "[{\"changed\": {\"fields\": [\"Image\"]}}]"}}, {"model": "admin.logentry", "pk": 21, "fields": {"action_time": "2023-07-28T15:35:35.169Z", "user": 1, "content_type": 13, "object_id": "1", "object_repr": "Tomorrowland", "action_flag": 2, "change_message": "[{\"changed\": {\"fields\": [\"Image\"]}}]"}}, {"model": "admin.logentry", "pk": 22, "fields": {"action_time": "2023-07-28T15:35:43.480Z", "user": 1, "content_type": 13, "object_id": "1", "object_repr": "Tomorrowland", "action_flag": 2, "change_message": "[{\"changed\": {\"fields\": [\"Image\"]}}]"}}, {"model": "admin.logentry", "pk": 23, "fields": {"action_time": "2023-07-28T15:44:11.876Z", "user": 1, "content_type": 13, "object_id": "2", "object_repr": "Sziget", "action_flag": 2, "change_message": "[{\"changed\": {\"fields\": [\"Image\"]}}]"}}, {"model": "admin.logentry", "pk": 24, "fields": {"action_time": "2023-07-28T15:44:21.266Z", "user": 1, "content_type": 13, "object_id": "2", "object_repr": "Sziget", "action_flag": 2, "change_message": "[{\"changed\": {\"fields\": [\"Image\"]}}]"}}, {"model": "admin.logentry", "pk": 25, "fields": {"action_time": "2023-07-28T15:49:03.369Z", "user": 1, "content_type": 13, "object_id": "3", "object_repr": "Rock en Seine", "action_flag": 2, "change_message": "[{\"changed\": {\"fields\": [\"Image\"]}}]"}}, {"model": "admin.logentry", "pk": 26, "fields": {"action_time": "2023-07-28T15:49:13.861Z", "user": 1, "content_type": 13, "object_id": "3", "object_repr": "Rock en Seine", "action_flag": 2, "change_message": "[{\"changed\": {\"fields\": [\"Image\"]}}]"}}, {"model": "admin.logentry", "pk": 27, "fields": {"action_time": "2023-07-28T16:00:05.182Z", "user": 1, "content_type": 13, "object_id": "4", "object_repr": "Awakenings", "action_flag": 2, "change_message": "[{\"changed\": {\"fields\": [\"Image\"]}}]"}}, {"model": "admin.logentry", "pk": 28, "fields": {"action_time": "2023-07-28T16:00:47.471Z", "user": 1, "content_type": 13, "object_id": "4", "object_repr": "Awakenings", "action_flag": 2, "change_message": "[{\"changed\": {\"fields\": [\"Image\"]}}]"}}, {"model": "admin.logentry", "pk": 29, "fields": {"action_time": "2023-07-28T16:01:23.104Z", "user": 1, "content_type": 13, "object_id": "5", "object_repr": "Bilbao BBK Live", "action_flag": 2, "change_message": "[{\"changed\": {\"fields\": [\"Image\"]}}]"}}, {"model": "admin.logentry", "pk": 30, "fields": {"action_time": "2023-07-28T16:05:15.915Z", "user": 1, "content_type": 13, "object_id": "5", "object_repr": "Bilbao BBK Live", "action_flag": 2, "change_message": "[{\"changed\": {\"fields\": [\"Image\"]}}]"}}, {"model": "admin.logentry", "pk": 31, "fields": {"action_time": "2023-07-28T16:05:33.343Z", "user": 1, "content_type": 13, "object_id": "6", "object_repr": "Øya", "action_flag": 2, "change_message": "[{\"changed\": {\"fields\": [\"Image\"]}}]"}}, {"model": "admin.logentry", "pk": 32, "fields": {"action_time": "2023-07-28T16:10:06.004Z", "user": 1, "content_type": 13, "object_id": "6", "object_repr": "Øya", "action_flag": 2, "change_message": "[{\"changed\": {\"fields\": [\"Image\"]}}]"}}, {"model": "admin.logentry", "pk": 33, "fields": {"action_time": "2023-07-28T16:23:44.633Z", "user": 1, "content_type": 13, "object_id": "7", "object_repr": "FIB", "action_flag": 2, "change_message": "[{\"changed\": {\"fields\": [\"Image\"]}}]"}}, {"model": "admin.logentry", "pk": 34, "fields": {"action_time": "2023-07-28T16:23:55.802Z", "user": 1, "content_type": 13, "object_id": "7", "object_repr": "FIB", "action_flag": 2, "change_message": "[{\"changed\": {\"fields\": [\"Image\"]}}]"}}, {"model": "admin.logentry", "pk": 35, "fields": {"action_time": "2023-07-28T16:26:33.043Z", "user": 1, "content_type": 13, "object_id": "8", "object_repr": "BST Hyde Park", "action_flag": 2, "change_message": "[{\"changed\": {\"fields\": [\"Image\"]}}]"}}, {"model": "admin.logentry", "pk": 36, "fields": {"action_time": "2023-07-28T16:29:16.677Z", "user": 1, "content_type": 13, "object_id": "8", "object_repr": "BST Hyde Park", "action_flag": 2, "change_message": "[{\"changed\": {\"fields\": [\"Image\"]}}]"}}, {"model": "admin.logentry", "pk": 37, "fields": {"action_time": "2023-07-28T16:30:47.282Z", "user": 1, "content_type": 13, "object_id": "9", "object_repr": "Super Bock Super Rock", "action_flag": 2, "change_message": "[{\"changed\": {\"fields\": [\"Image\"]}}]"}}, {"model": "admin.logentry", "pk": 38, "fields": {"action_time": "2023-07-28T16:33:05.836Z", "user": 1, "content_type": 13, "object_id": "9", "object_repr": "Super Bock Super Rock", "action_flag": 2, "change_message": "[{\"changed\": {\"fields\": [\"Image\"]}}]"}}, {"model": "admin.logentry", "pk": 39, "fields": {"action_time": "2023-07-28T16:33:44.157Z", "user": 1, "content_type": 13, "object_id": "10", "object_repr": "Flow", "action_flag": 2, "change_message": "[{\"changed\": {\"fields\": [\"Image\"]}}]"}}, {"model": "admin.logentry", "pk": 40, "fields": {"action_time": "2023-07-28T16:35:10.213Z", "user": 1, "content_type": 13, "object_id": "10", "object_repr": "Flow", "action_flag": 2, "change_message": "[{\"changed\": {\"fields\": [\"Image\"]}}]"}}, {"model": "admin.logentry", "pk": 41, "fields": {"action_time": "2023-07-28T16:35:59.657Z", "user": 1, "content_type": 13, "object_id": "11", "object_repr": "Rock am Ring/Rock im Park", "action_flag": 2, "change_message": "[{\"changed\": {\"fields\": [\"Image\"]}}]"}}, {"model": "admin.logentry", "pk": 42, "fields": {"action_time": "2023-07-28T16:41:41.360Z", "user": 1, "content_type": 13, "object_id": "11", "object_repr": "Rock am Ring/Rock im Park", "action_flag": 2, "change_message": "[{\"changed\": {\"fields\": [\"Image\"]}}]"}}, {"model": "admin.logentry", "pk": 43, "fields": {"action_time": "2023-07-28T16:43:46.622Z", "user": 1, "content_type": 13, "object_id": "12", "object_repr": "Roskilde", "action_flag": 2, "change_message": "[{\"changed\": {\"fields\": [\"Image\"]}}]"}}, {"model": "admin.logentry", "pk": 44, "fields": {"action_time": "2023-07-28T16:50:54.217Z", "user": 1, "content_type": 13, "object_id": "12", "object_repr": "Roskilde", "action_flag": 2, "change_message": "[{\"changed\": {\"fields\": [\"Image\"]}}]"}}, {"model": "admin.logentry", "pk": 45, "fields": {"action_time": "2023-07-28T16:51:59.413Z", "user": 1, "content_type": 13, "object_id": "13", "object_repr": "Dimensions", "action_flag": 2, "change_message": "[{\"changed\": {\"fields\": [\"Image\"]}}]"}}, {"model": "admin.logentry", "pk": 46, "fields": {"action_time": "2023-07-28T16:59:33.168Z", "user": 1, "content_type": 13, "object_id": "13", "object_repr": "Dimensions", "action_flag": 2, "change_message": "[{\"changed\": {\"fields\": [\"Image\"]}}]"}}, {"model": "admin.logentry", "pk": 47, "fields": {"action_time": "2023-07-28T17:00:57.111Z", "user": 1, "content_type": 13, "object_id": "14", "object_repr": "Primavera Sound", "action_flag": 2, "change_message": "[{\"changed\": {\"fields\": [\"Image\"]}}]"}}, {"model": "admin.logentry", "pk": 48, "fields": {"action_time": "2023-07-28T17:06:28.849Z", "user": 1, "content_type": 13, "object_id": "14", "object_repr": "Primavera Sound", "action_flag": 2, "change_message": "[{\"changed\": {\"fields\": [\"Image\"]}}]"}}, {"model": "admin.logentry", "pk": 49, "fields": {"action_time": "2023-07-28T17:06:34.674Z", "user": 1, "content_type": 13, "object_id": "15", "object_repr": "NOS Primavera", "action_flag": 2, "change_message": "[{\"changed\": {\"fields\": [\"Image\"]}}]"}}, {"model": "admin.logentry", "pk": 50, "fields": {"action_time": "2023-07-28T17:09:28.115Z", "user": 1, "content_type": 13, "object_id": "15", "object_repr": "NOS Primavera", "action_flag": 2, "change_message": "[{\"changed\": {\"fields\": [\"Image\"]}}]"}}, {"model": "admin.logentry", "pk": 51, "fields": {"action_time": "2023-07-28T17:11:41.006Z", "user": 1, "content_type": 13, "object_id": "10", "object_repr": "Flow", "action_flag": 2, "change_message": "[{\"changed\": {\"fields\": [\"Image\"]}}]"}}, {"model": "admin.logentry", "pk": 52, "fields": {"action_time": "2023-07-28T17:11:51.698Z", "user": 1, "content_type": 13, "object_id": "10", "object_repr": "Flow", "action_flag": 2, "change_message": "[{\"changed\": {\"fields\": [\"Image\"]}}]"}}, {"model": "admin.logentry", "pk": 53, "fields": {"action_time": "2023-07-28T17:12:06.756Z", "user": 1, "content_type": 13, "object_id": "7", "object_repr": "FIB", "action_flag": 2, "change_message": "[{\"changed\": {\"fields\": [\"Image\"]}}]"}}, {"model": "admin.logentry", "pk": 54, "fields": {"action_time": "2023-07-28T17:12:16.053Z", "user": 1, "content_type": 13, "object_id": "7", "object_repr": "FIB", "action_flag": 2, "change_message": "[{\"changed\": {\"fields\": [\"Image\"]}}]"}}, {"model": "admin.logentry", "pk": 55, "fields": {"action_time": "2023-08-03T09:39:06.161Z", "user": 1, "content_type": 15, "object_id": "1", "object_repr": "5976EB4879DD48889366D8C0C62AD132", "action_flag": 2, "change_message": "[{\"changed\": {\"name\": \"ticketing\", \"object\": \"Awakenings on order 5976EB4879DD48889366D8C0C62AD132\", \"fields\": [\"Quantity\"]}}]"}}, {"model": "admin.logentry", "pk": 56, "fields": {"action_time": "2023-08-03T09:39:41.694Z", "user": 1, "content_type": 15, "object_id": "1", "object_repr": "5976EB4879DD48889366D8C0C62AD132", "action_flag": 2, "change_message": "[{\"changed\": {\"name\": \"ticketing\", \"object\": \"FIB on order 5976EB4879DD48889366D8C0C62AD132\", \"fields\": [\"Festival\"]}}]"}}, {"model": "admin.logentry", "pk": 57, "fields": {"action_time": "2023-08-03T09:40:14.256Z", "user": 1, "content_type": 15, "object_id": "1", "object_repr": "5976EB4879DD48889366D8C0C62AD132", "action_flag": 2, "change_message": "[{\"deleted\": {\"name\": \"ticketing\", \"object\": \"FIB on order 5976EB4879DD48889366D8C0C62AD132\"}}]"}}, {"model": "admin.logentry", "pk": 58, "fields": {"action_time": "2023-08-06T13:01:59.853Z", "user": 1, "content_type": 13, "object_id": "16", "object_repr": "b", "action_flag": 3, "change_message": ""}}, {"model": "auth.user", "pk": 1, "fields": {"password": "pbkdf2_sha256$260000$E2bn5jHlTNkg07Sw7lPkme$EseYlhABxKy/U9ZHzWR5u+aWFtLOPdoJihE2LtRHNdM=", "last_login": "2023-08-09T11:34:33.333Z", "is_superuser": true, "username": "bohdanbezushka", "first_name": "", "last_name": "", "email": "bbezushka@gmail.com", "is_staff": true, "is_active": true, "date_joined": "2023-07-16T12:05:20.172Z", "groups": [], "user_permissions": []}}, {"model": "auth.user", "pk": 2, "fields": {"password": "pbkdf2_sha256$260000$RG8axtjciDiP0igEkW7Th8$jg0tnKRbbWl2E6nFiHdVCFogGw2Y6A4zCPbFHllojVg=", "last_login": "2023-08-04T15:07:28.595Z", "is_superuser": false, "username": "test", "first_name": "", "last_name": "", "email": "test@test.com", "is_staff": false, "is_active": true, "date_joined": "2023-08-04T15:05:28.916Z", "groups": [], "user_permissions": []}}, {"model": "auth.user", "pk": 3, "fields": {"password": "pbkdf2_sha256$260000$FwIbgrOPcNx0zFxFPerisS$wyH6TFwLNupwIzM3DsFobyL8cjaSKRv8jIWdKMo7b8c=", "last_login": null, "is_superuser": false, "username": "test2", "first_name": "", "last_name": "", "email": "test2@test.com", "is_staff": false, "is_active": true, "date_joined": "2023-08-06T17:24:10.133Z", "groups": [], "user_permissions": []}}, {"model": "sessions.session", "pk": "6k7f28rf15c3kdzbfak981jrmi4dpw0l", "fields": {"session_data": "eyJiYWciOnsiOSI6MX19:1qSeij:S3NepNKDqSiFHUbN7C22NyxqltFu46AQVzB2G99JUJY", "expire_date": "2023-08-20T14:27:01.834Z"}}, {"model": "sessions.session", "pk": "8m9uc0ma26i0wwmwtqxgmbpo8460f0gf", "fields": {"session_data": "e30:1qRvbY:dW2wJsyaxaW-9rSNCw1b6wSQGhrLKtytbE-OF6_KQHc", "expire_date": "2023-08-18T14:16:36.609Z"}}, {"model": "sessions.session", "pk": "cbylcke2qb5499f5wte80lmvrl35zcs2", "fields": {"session_data": ".eJxVjMsOgjAQRf-la9N07ACFpXu_oZnpQ6qmJRQSjfHflYSFbu8597yEpXUZ7VrDbJMXgwBx-N2Y3C3kDfgr5UuRruRlTiw3Re60ynPx4X7a3b_ASHX8vhvoegOm7Tj2LkZG0yhEYhOjj4B41B2i0qpRhpR3oIF7BnRAbdAeeYvWUGsq2YbHlOanGNT7A2mkPqM:1qThST:-WsyDJTV8X-lV07O7iAsj9gYtAaQtcY76qSez7JduyI", "expire_date": "2023-08-23T11:34:33.401Z"}}, {"model": "sessions.session", "pk": "iozxfaeoqe4yaqqdinrz1ab1627ijemr", "fields": {"session_data": ".eJzFj71ug0AQhF_ltDVCd-bAQGMpSpMiUop0xkL3s2fOIWCxR2zL8rsHZDtyitSpVrsz8432DLUaQ1OPhEPtLZQgIHq8aWU-sJsFu1Pdto9N34XB63i2xDeV4tfeYvt08_4CNIqaKZ2KZZGLPFtqVxjntMxTLqXSuXPWCSkXyVJKnvCU54pbIxKhCy2kESrDxEo9QwmJfN_VeNz74QQlj0CrLZRnEBmU4jJZPieL2iJNjet1BXW9oylwu1YQMR6xRRqxCt4bZA4p-C_VsqoaF1wYfZ2WHRSx6SEMaBmNxkx5N7btKa5gE7G_wAmfwT_Qgw8Ne3m-w0V2p9seqbsuRWB49BRi9oZDo_bEfHhsX_1H4QYu32XorjI:1qSdQx:WLmof8doN4JgmkKDpmAIJU1czYA30l_oCkMmASLontI", "expire_date": "2023-08-20T13:04:35.326Z"}}, {"model": "sessions.session", "pk": "qsajahh6860qnkeajbb247jzi5rtzwcg", "fields": {"session_data": "e30:1qRvbM:vS8Rd2rpgP-Z7-WdJuFICH790Rw44Zjn-JGKeIvyjdU", "expire_date": "2023-08-18T14:16:24.223Z"}}, {"model": "sessions.session", "pk": "x40i1ad9santcxe8hqxc65enmx0m5x1z", "fields": {"session_data": ".eJxVjEsOgkAQBe_Sa0KmoYGBpXvPQLrnA6iZMQwkGsLdlYSFbl_Vqw16XpexX5Ob-8lCBwjZ7yZs7i4cwN44DDE3MSzzJPmh5CdN-TVa97ic7l9g5DR-3xU2rUZdN-Jb472QrhQRi_beeiQqyoZIlapSmpU1WKK0gmSQa1dakiOaXEpTDL17Paf5DZ3KQHiAboMCOtz3D-63QlA:1qTPkn:jinhGfv1UeP27JMNALt6c0UHA9oYTL02X5kWfhtKSU4", "expire_date": "2023-08-22T16:40:17.279Z"}}, {"model": "sites.site", "pk": 1, "fields": {"domain": "wherearewegoing.example.com", "name": "Where Are We Going?"}}, {"model": "account.emailaddress", "pk": 1, "fields": {"user": 1, "email": "bbezushka@gmail.com", "verified": true, "primary": true}}, {"model": "account.emailaddress", "pk": 2, "fields": {"user": 2, "email": "test@test.com", "verified": true, "primary": true}}, {"model": "account.emailaddress", "pk": 3, "fields": {"user": 3, "email": "test2@test.com", "verified": false, "primary": true}}, {"model": "festivals.festival", "pk": 1, "fields": {"name": "Tomorrowland", "date": "2024-07-21", "location": "Boom, Belgium", "price": "296.00", "description": "\"Experience the legendary Tomorrowland festival in the city of Boom, Belgium. This is the world's largest event of its kind, featuring multiple stages and mesmerizing fireworks. Enjoy a diverse array of electronic music subgenres and the DreamVille camping experience. The high caliber of artists and DJs is complemented by breathtaking stage designs and visuals.\"", "image": "media/tomorrowland-logo.png", "festival_url": "https://www.tomorrowland.com/home/"}}, {"model": "festivals.festival", "pk": 2, "fields": {"name": "Sziget", "date": "2024-08-10", "location": "Budapest, Hungary", "price": "95.00", "description": "\"Join the vibrant music festival on Óbuda Island, Budapest, featuring diverse musical genres, dance, theatre, workshops, and more. Since 1993, this Hungarian event has attracted people from all over Europe, with growing popularity every year. Legendary artists like David Bowie, Patti Smith, Motörhead, Goldie, and the latest in rock, jazz, and pop have graced its various stages. Explore the enchanting Budapest during the day!\"", "image": "media/sziget-logo.png", "festival_url": "https://szigetfestival.com/en/"}}, {"model": "festivals.festival", "pk": 3, "fields": {"name": "Rock en Seine", "date": "2024-08-23", "location": "Paris, France", "price": "129.00", "description": "\"This festival takes place in the Saint-Cloud Natural Reserve, just 20 minutes away from the center of Paris by public transport. As its name suggests, the lineup focuses on rock and its subgenres, but there's also room for electronic music. Since 2003, it has hosted multiple stages and diverse offerings that go beyond music, including photo and poster exhibitions, a mini children's festival, and thematic debates and conferences.\"", "image": "media/rockenseine-logo.png", "festival_url": "https://www.rockenseine.com/en/"}}, {"model": "festivals.festival", "pk": 4, "fields": {"name": "Awakenings", "date": "2024-10-10", "location": "Amsterdam, Netherlands", "price": "85.00", "description": "\"Awakenings Festival is a renowned electronic music event in the Netherlands, attracting thousands of global music enthusiasts. Known for its impressive lineup of top artists and DJs in genres like techno, house, and trance, the festival offers exhilarating sets across multiple stages. Its unique production and ambience, featuring spectacularly designed stages and mesmerizing visual effects, create an unforgettable experience. Held annually at special outdoor locations or large venues, Awakenings Festival immerses attendees in a world of rhythm and excitement, leaving them with vibrant and festive memories.\"", "image": "media/awakenings-logo.png", "festival_url": "https://www.awakenings.com/en/"}}, {"model": "festivals.festival", "pk": 5, "fields": {"name": "Bilbao BBK Live", "date": "2024-07-10", "location": "Bilbao, Spain", "price": "130.00", "description": "\"Every year, Mount Kobetas in Bilbao welcomes thousands of people who come to enjoy the experience of Bilbao BBK Live. This three-day festival offers a diverse range of accommodations for those coming from other cities or countries, including camping and glamping options. The festival boasts an impressive lineup of pop and rock genres, with music that resonates throughout the area with unparalleled views.\"", "image": "media/bilbaobbklive-logo.png", "festival_url": "https://bilbaobbklive.com/en/"}}, {"model": "festivals.festival", "pk": 6, "fields": {"name": "Øya", "date": "2024-08-08", "location": "Oslo, Norway", "price": "180.00", "description": "\"The Øya Festival takes place at Tøyenparken, a lush green space perfectly located in Oslo. Explore the nearby Munch Museum and the charming local botanical garden. Since its inception in 1999 on Kalvøya, the festival has grown and evolved. Today, it stands as one of the most diverse in terms of music genres and styles, covering everything from rock and metal to pop, electro, reggaeton, and much, much more. Don't miss out on this unforgettable musical extravaganza – secure your tickets now!\"", "image": "media/oyafestival-logo.png", "festival_url": "https://www.oyafestivalen.no/en"}}, {"model": "festivals.festival", "pk": 7, "fields": {"name": "FIB", "date": "2024-07-18", "location": "Valencia, Spain", "price": "55.00", "description": "\"Experience the Best of Music, Dance, and Cinema - Get Your Tickets Now!\"\r\nMeta Description: \"Join us at the Benicàssim Festival in the Valencian Community, where independent music, dance, and cinema come together for an unforgettable experience. Don't miss this opportunity to enjoy the beautiful beaches and an eclectic line-up that has featured Bob Dylan, David Guetta, Gorillaz, Radiohead, and Echo & the Bunnymen since 1995.\"", "image": "media/fib-logo_4pJQ2xG.png", "festival_url": "https://fiberfib.com/en/"}}, {"model": "festivals.festival", "pk": 8, "fields": {"name": "BST Hyde Park", "date": "2024-06-24", "location": "London, United Kingdom", "price": "280.00", "description": "\"With a slightly more classic proposal, the British Summer Time (BST) has been organized every year in Hyde Park, London, since 2013. This festival is considered one of the most important in the United Kingdom, both for its wide audience and the composition of its lineup. Renowned artists such as Stevie Wonder, The Who, The Beach Boys and Phil Collins have graced its stage. The occasion also invites visitors to stay a few more days and be amazed by London's always excellent music scene, as well as explore all the tourist attractions of the British capital.\"", "image": "media/bsthydepark-logo.png", "festival_url": "https://www.bst-hydepark.com/"}}, {"model": "festivals.festival", "pk": 9, "fields": {"name": "Super Bock Super Rock", "date": "2024-07-16", "location": "Sesimbra, Portugal", "price": "90.00", "description": "\"Among dunes and cliffs, Meco Beach in Sesimbra, Portugal, provides the perfect setting for the Super Bock Super Rock festival. Various stages bring together the best of the music scene across diverse genres. Its stage has already been graced by The Cure, Fatboy Slim, Iggy Pop, and Kendrick Lamar, among hundreds of artists and bands from all over the world. If you attend this festival, take the opportunity to explore other beaches in Sesimbra, as well as the rich historical heritage of the region.\"", "image": "media/superbocksuperrock-logo.png", "festival_url": "https://superbocksuperrock.pt/"}}, {"model": "festivals.festival", "pk": 10, "fields": {"name": "Flow", "date": "2024-08-29", "location": "Helsinki, Finland", "price": "239.00", "description": "\"The most important urban music festival in Finland brings together local and international representatives from various genres on its stages. The event stands out from others with its Balloon 360 stage and its presentations of visual arts, videos, and artistic light installations. The shows take place in the renovated Suvilahti power plant in Helsinki, fully equipped with state-of-the-art technology to offer live concerts.\"", "image": "media/flow-festival-square-logo_2CJiMfN.png", "festival_url": "https://www.flowfestival.com/en/"}}, {"model": "festivals.festival", "pk": 11, "fields": {"name": "Rock am Ring/Rock im Park", "date": "2024-06-06", "location": "Nürburg, Germany", "price": "199.00", "description": "\"Experience the excitement of two simultaneous versions of the Rock am Ring and Rock in Park music festivals, featuring identical line-ups and performances across different days. Rock am Ring takes place at Nürburgring racetrack, surrounded by medieval castles and ruins in Nürburg, while Rock in Park unfolds at Zeppelinfeld in the city of Nuremberg.\"", "image": "media/rock-am-ring-rock-im-park-logo.png", "festival_url": "https://www.rock-am-ring.com/en"}}, {"model": "festivals.festival", "pk": 12, "fields": {"name": "Roskilde", "date": "2024-07-05", "location": "Roskilde, Denmark", "price": "158.00", "description": "\"Roskilde is one of the most iconic festivals and has served as an inspiration for other major music events around the world. Its stage has hosted virtually all relevant rock and pop artists from across the globe, but it is also a launching platform for young talents. The festival offers a vast camping space for attendees during the event. In the Danish city of Roskilde, music enthusiasts can also visit the Ragnarock rock and pop museum during their visit.\"", "image": "media/roskildefestival-logo.png", "festival_url": "https://www.roskilde-festival.dk/da/"}}, {"model": "festivals.festival", "pk": 13, "fields": {"name": "Dimensions", "date": "2024-09-05", "location": "Tisno, Croatia", "price": "149.00", "description": "\"Discover the Dimensions Festival in Croatia at The Garden Resort, Tisno. Dance to diverse electronic music genres against the picturesque Dalmatian coastline. Experience legendary satellite parties at Barbarella's nightclub. Don't miss exploring Croatia's stunning beaches like Zadar and Makarska. Arrive at the nearest airport, Split Airport, just 85 km away.\"", "image": "media/dimensions-festival-logo.png", "festival_url": "https://www.dimensionsfestival.com/"}}, {"model": "festivals.festival", "pk": 14, "fields": {"name": "Primavera Sound", "date": "2024-05-30", "location": "Barcelona, Spain", "price": "250.00", "description": "\"Discover Spain's Must-Attend Music Event with Top-Notch Lineup | Buy Tickets Now!\r\nDon't miss this unmissable music extravaganza in Spain with a massive turnout and an impressive lineup. It has gained international recognition, extending to locations like Los Angeles, Buenos Aires, and Santiago de Chile. Join the main event at Parque del Forum and explore satellite celebrations like 'Primavera a la Ciutat,' featuring renowned artists on the lineup, and 'Brunch on The Beach,' the ultimate beach party. Buy your tickets today!\"", "image": "media/primaverasound-logo.png", "festival_url": "https://www.primaverasound.com/en"}}, {"model": "festivals.festival", "pk": 15, "fields": {"name": "NOS Primavera", "date": "2024-06-06", "location": "Porto, Portugal", "price": "230.00", "description": "\"NOS Primavera is a kind of spin-off from the Primavera Sound Festival held in Barcelona, but taking place in the beautiful city of Porto, Portugal. It shares some artists with the main event, though it lasts a few days less. If you're traveling to northern Portugal to enjoy this event, make sure to reserve time to discover Porto's vibrant cultural scene, including its iconic Casa de la Música and the bars and cellars hidden within the narrow streets. NOS Primavera Sound takes place in the City Park of Porto.\"", "image": "media/nos-primavera-sound-logo.png", "festival_url": "https://www.primaverasound.com/es/porto"}}, {"model": "checkout.userdata", "pk": 1, "fields": {"order_number": "5976EB4879DD48889366D8C0C62AD132", "user_profile": null, "full_name": "Bohdan Bezushka", "email": "bbezushka@gmail.com", "phone_number": "684095474", "user_id": "2131321241", "date_of_birth": "1997-06-04", "date": "2023-08-03T09:36:59.575Z", "delivery_cost": "0.00", "order_total": "0.00", "grand_total": "0.00"}}, {"model": "checkout.userdata", "pk": 2, "fields": {"order_number": "C92E2E85CC414650A6CA80B7130296D1", "user_profile": null, "full_name": "Pedro Castillo", "email": "bbezushka@gmail.com", "phone_number": "684095474", "user_id": "113", "date_of_birth": "1996-01-03", "date": "2023-08-03T09:51:42.541Z", "delivery_cost": "0.00", "order_total": "295.00", "grand_total": "295.00"}}, {"model": "checkout.userdata", "pk": 3, "fields": {"order_number": "07DD648FA83A4ABE8E34642281EE34B8", "user_profile": null, "full_name": "Bohdan Bezushka", "email": "bbezushka@gmail.com", "phone_number": "684095474", "user_id": "1213123", "date_of_birth": "2000-01-03", "date": "2023-08-03T09:55:28.511Z", "delivery_cost": "1.10", "order_total": "55.00", "grand_total": "56.10"}}, {"model": "checkout.userdata", "pk": 4, "fields": {"order_number": "D9A7DE40AE5E452CA78C29A20EDE5D73", "user_profile": null, "full_name": "Bohdan Bezushka", "email": "bbezushka@gmail.com", "phone_number": "684095474", "user_id": "2131321241", "date_of_birth": "2023-08-03", "date": "2023-08-03T10:00:19.334Z", "delivery_cost": "0.00", "order_total": "150.00", "grand_total": "150.00"}}, {"model": "checkout.userdata", "pk": 5, "fields": {"order_number": "87C1A24E42DD40D4B2A1CB92C83152ED", "user_profile": null, "full_name": "Bohdan Bezushka", "email": "bbezushka@gmail.com", "phone_number": "684095474", "user_id": "12", "date_of_birth": "2023-08-02", "date": "2023-08-03T10:24:07.189Z", "delivery_cost": "0.00", "order_total": "315.00", "grand_total": "315.00"}}, {"model": "checkout.userdata", "pk": 6, "fields": {"order_number": "344FE922E62348DD9E7F317328268386", "user_profile": null, "full_name": "Bohdan Bezushka", "email": "bbezushka@gmail.com", "phone_number": "684095474", "user_id": "121", "date_of_birth": "2023-07-31", "date": "2023-08-03T11:37:28.201Z", "delivery_cost": "0.00", "order_total": "280.00", "grand_total": "280.00"}}, {"model": "checkout.userdata", "pk": 7, "fields": {"order_number": "EF14DABEF71B4527A06052BEB02A1D32", "user_profile": null, "full_name": "Bohdan Bezushka", "email": "bbezushka@gmail.com", "phone_number": "684095474", "user_id": "12", "date_of_birth": "2023-07-31", "date": "2023-08-03T11:59:58.839Z", "delivery_cost": "1.70", "order_total": "85.00", "grand_total": "86.70"}}, {"model": "checkout.userdata", "pk": 8, "fields": {"order_number": "504A4B8E7C6A4E60BA57AFC1773B7267", "user_profile": 2, "full_name": "test", "email": "test@test.com", "phone_number": "342542534", "user_id": "3242343252", "date_of_birth": "2023-08-01", "date": "2023-08-04T17:10:41.225Z", "delivery_cost": "1.10", "order_total": "55.00", "grand_total": "56.10"}}, {"model": "checkout.userdata", "pk": 9, "fields": {"order_number": "A2670E4FB28249FEA3EEE373D95C8A8A", "user_profile": null, "full_name": "Bohdan Bezushka", "email": "bbezushka@gmail.com", "phone_number": "684095474", "user_id": "1212", "date_of_birth": "2023-08-01", "date": "2023-08-07T16:03:50.871Z", "delivery_cost": "1.90", "order_total": "95.00", "grand_total": "96.90"}}, {"model": "checkout.userdata", "pk": 10, "fields": {"order_number": "18470152FC48452AB9FA45C1C4FB1A06", "user_profile": null, "full_name": "test3", "email": "test3@test.com", "phone_number": "124124", "user_id": "141241", "date_of_birth": "2023-08-01", "date": "2023-08-08T15:12:23.752Z", "delivery_cost": "0.00", "order_total": "560.00", "grand_total": "560.00"}}, {"model": "checkout.userdata", "pk": 11, "fields": {"order_number": "1A139B4404A649A496FAC918AC6757C2", "user_profile": 1, "full_name": "weqwe", "email": "bbezushka@gmail.com", "phone_number": "123123123", "user_id": "124124", "date_of_birth": "2023-08-03", "date": "2023-08-08T15:27:55.217Z", "delivery_cost": "1.70", "order_total": "85.00", "grand_total": "86.70"}}, {"model": "checkout.ticketing", "pk": 2, "fields": {"order": 2, "festival": 1, "quantity": 1, "lineitem_total": "295.00"}}, {"model": "checkout.ticketing", "pk": 3, "fields": {"order": 3, "festival": 7, "quantity": 1, "lineitem_total": "55.00"}}, {"model": "checkout.ticketing", "pk": 4, "fields": {"order": 4, "festival": 2, "quantity": 1, "lineitem_total": "95.00"}}, {"model": "checkout.ticketing", "pk": 5, "fields": {"order": 4, "festival": 7, "quantity": 1, "lineitem_total": "55.00"}}, {"model": "checkout.ticketing", "pk": 6, "fields": {"order": 5, "festival": 2, "quantity": 1, "lineitem_total": "95.00"}}, {"model": "checkout.ticketing", "pk": 7, "fields": {"order": 5, "festival": 7, "quantity": 4, "lineitem_total": "220.00"}}, {"model": "checkout.ticketing", "pk": 8, "fields": {"order": 6, "festival": 8, "quantity": 1, "lineitem_total": "280.00"}}, {"model": "checkout.ticketing", "pk": 9, "fields": {"order": 7, "festival": 4, "quantity": 1, "lineitem_total": "85.00"}}, {"model": "checkout.ticketing", "pk": 10, "fields": {"order": 8, "festival": 7, "quantity": 1, "lineitem_total": "55.00"}}, {"model": "checkout.ticketing", "pk": 11, "fields": {"order": 9, "festival": 2, "quantity": 1, "lineitem_total": "95.00"}}, {"model": "checkout.ticketing", "pk": 12, "fields": {"order": 10, "festival": 2, "quantity": 5, "lineitem_total": "475.00"}}, {"model": "checkout.ticketing", "pk": 13, "fields": {"order": 10, "festival": 4, "quantity": 1, "lineitem_total": "85.00"}}, {"model": "checkout.ticketing", "pk": 14, "fields": {"order": 11, "festival": 4, "quantity": 1, "lineitem_total": "85.00"}}, {"model": "profiles.userprofile", "pk": 1, "fields": {"user": 1, "default_phone_number": "123123123", "default_email": "bbezushka@gmail.com"}}, {"model": "profiles.userprofile", "pk": 2, "fields": {"user": 2, "default_phone_number": "88888", "default_email": "eines@eines.com"}}, {"model": "profiles.userprofile", "pk": 3, "fields": {"user": 3, "default_phone_number": null, "default_email": null}}]